ID,name,createdAt,createdBy,modifiedAt,modifiedBy
13223864-b0d7-45c9-af71-79f44af07295,name-13223864,2006-10-06T00:00:00.000Z,createdBy.7vflk@example.com,2011-09-20T00:00:00.000Z,modifiedBy.7vflk@example.org
20577726-9321-41fc-ba16-ec0a163cb6b4,name-20577726,2009-12-26T00:00:00.000Z,createdBy.c91vi@example.com,2012-06-22T00:00:00.000Z,modifiedBy.c91vi@example.com
20577727-94a2-4aa8-9847-ef79668df1d4,name-20577727,2020-06-18T00:00:00.000Z,createdBy.c91vj@example.org,2021-01-06T00:00:00.000Z,modifiedBy.c91vj@example.com
20577728-08ff-4763-9743-593e9819b49e,name-20577728,2002-10-29T00:00:00.000Z,createdBy.c91vk@example.net,2021-04-09T00:00:00.000Z,modifiedBy.c91vk@example.org
20577729-3232-4a52-8eb6-154c9958c978,name-20577729,2014-10-27T00:00:00.000Z,createdBy.c91vl@example.net,2007-06-29T00:00:00.000Z,modifiedBy.c91vl@example.com
20577730-6e9b-4332-8d75-4dd4a968ee51,name-20577730,2005-07-09T00:00:00.000Z,createdBy.c91vm@example.net,2015-08-19T00:00:00.000Z,modifiedBy.c91vm@example.net
20577731-53d1-4327-9b7f-24f5557446d1,name-20577731,2005-12-09T00:00:00.000Z,createdBy.c91vn@example.com,2010-05-20T00:00:00.000Z,modifiedBy.c91vn@example.com
20577732-14ef-4fb4-9ef5-c5f667bbbbf2,name-20577732,2003-02-02T00:00:00.000Z,createdBy.c91vo@example.com,2003-04-15T00:00:00.000Z,modifiedBy.c91vo@example.net
20577733-03e5-4e35-868b-881706434abd,name-20577733,2019-11-16T00:00:00.000Z,createdBy.c91vp@example.net,2011-04-15T00:00:00.000Z,modifiedBy.c91vp@example.org
20577734-93fb-4658-bfe8-34d19494aeca,name-20577734,2017-10-26T00:00:00.000Z,createdBy.c91vq@example.org,2002-09-23T00:00:00.000Z,modifiedBy.c91vq@example.org